status,primary_keyword,secondary_keywords,tertiary_keywords,search_volume,difficulty,word_count,slug,generated_date,notes
done,ai receptionist for small business,best free ai receptionist for small business|best ai receptionist for small business australia|ai receptionist for small business cost|ai receptionist for small business free|best ai receptionist for small business,,,,1500,ai-receptionist-for-small-business,2026-05-03,Generated by cluster-expander
done,ai phone answering service,best ai phone answering service for small business|ai business phone answering service free|best ai business phone answering service|ai phone answering service for small business|ai phone answering service free,what is ai answering service,,,1500,ai-phone-answering-service,2026-05-03,Generated by cluster-expander
done,virtual receptionist australia,best virtual receptionist australia|ai virtual receptionist australia|virtual receptionist australia jobs|virtual medical receptionist australia|best virtual assistant companies australia,what is a virtual assistant australia|how to become virtual assistant australia|how to become a virtual assistant australia without experience|what is a virtual receptionist|how to become a virtual receptionist|how does a virtual receptionist work,,,1500,virtual-receptionist-australia,2026-05-03,Generated by cluster-expander
done,after hours call answering,after hours call answering service|after hours call answering service jobs|on call after hours answering services for medical offices|after hours on call jobs|out of hours call answering,,,,1500,after-hours-call-answering,2026-05-03,Generated by cluster-expander
done,automated phone answering system,automated phone answering system for small business|free automated phone answering system|business automated phone answering system|automated phone system for small business|best automated phone system,what is automated phone system|what is an automated phone system,,,1500,automated-phone-answering-system,2026-05-03,Generated by cluster-expander
pending,ai receptionist cost,ai receptionist for small business cost|ai receptionist for small business cost per month|ai receptionist australia cost|m1 ai receptionist cost|cost of ai receptionist,how much is ai receptionist cost|what does an ai receptionist cost|how much does ai receptionist cost|how much does ai cost,,,1500,,,Generated by cluster-expander
pending,missed call text back,missed call text back free|free missed call text back|missed call text back price|missed call text back agency|missed call text back business,how much does missed call text back cost|what is missed call text back|is missed call text back legal|how to sell missed call text back|how does missed call text back work|how to set up missed call text back|how to set up missed call text back on ghl|how to setup missed call text back gohighlevel,,,1500,,,Generated by cluster-expander
pending,answering service for small business australia,best phone answering service for small business australia|cheap answering service for small business,,,,1500,,,Generated by cluster-expander
pending,ai receptionist for dentists,ai receptionist for dentists ireland|best ai receptionist for dental office|best ai receptionist for dental.practice|ai receptionist for dental|ai receptionist for dental office,,,,1500,,,Generated by cluster-expander
